Имя,Фамилия,Отчество,Номера телефона
Матвей,Матвеев,Матвеевич,+89789987785,+129374897532
Кузнецов,Даниил,Максимович,+87875542154,+10283817414,+192838174871
Казакова,Виктория,Данииловна,+878974565621
Герасимова,Евгения,Егоровна,+102319852661
Панфилов,Константин,Петрович,+39474839844
Фадеев,Владислав,Денисович,+56478934561
Ситникова,Полина,Андреевна,+9437478347,+2190871432
Волков,Лев,Артёмович,+6564773484
Трофимова,Ольга,Арсентьевна,+3782647483
Алексеева,Виктория,Егоровна,+423423432234
Алексеева,Ева,Матвеевна,+4734657454,+1297341981
Андрей,Андреев,Андреевич,+9148931237378,+1764328746723,+5387487348
